<application>
  <component name="MaterialThemeConfig">
    <option name="isHighContrast" value="true" />
    <option name="isWizardShown" value="true" />
    <option name="overrideAccentColor" value="true" />
    <option name="pristineConfig" value="false" />
    <option name="accentColor" value="84ffff" />
    <option name="selectedTheme" value="DEEPOCEAN" />
    <option name="userId" value="260a9b9a:16b0ccb2404:-8000" />
    <option name="version" value="3.10.0" />
  </component>
</application>