<application>
  <component name="GitRememberedInputs">
    <option name="visitedUrls">
      <list>
        <UrlAndUserName>
          <option name="url" value="http://github.com" />
          <option name="userName" value="AhnSeongHyun" />
        </UrlAndUserName>
        <UrlAndUserName>
          <option name="url" value="http://github.banksalad.co.kr" />
          <option name="userName" value="ash84@rainist.com" />
        </UrlAndUserName>
      </list>
    </option>
  </component>
</application>