<application>
  <component name="WebServers">
    <option name="servers">
      <webServer id="264893bb-2669-452a-8acb-2f1ee7ccba71" name="mf-pandora-was-prod01" url="http://10.23.13.224">
        <fileTransfer host="10.23.13.224" port="22" accessType="SFTP">
          <advancedOptions>
            <advancedOptions dataProtectionLevel="Private" passiveMode="true" shareSSLContext="true" />
          </advancedOptions>
          <option name="port" value="22" />
        </fileTransfer>
      </webServer>
      <webServer id="eb80d476-3981-4aa2-92b0-3a5dedab75c3" name="mf-styx-was-prod01" url="http://10.23.13.128">
        <fileTransfer host="10.23.13.128" port="22" accessType="SFTP">
          <advancedOptions>
            <advancedOptions dataProtectionLevel="Private" passiveMode="true" shareSSLContext="true" />
          </advancedOptions>
          <option name="port" value="22" />
        </fileTransfer>
      </webServer>
      <webServer id="b6b5376b-fdce-4b1a-b849-e27ccfb991f1" name="mf-dev" url="http://10.23.13.15">
        <fileTransfer host="10.23.13.15" port="22" accessType="SFTP">
          <advancedOptions>
            <advancedOptions dataProtectionLevel="Private" passiveMode="true" shareSSLContext="true" />
          </advancedOptions>
          <option name="port" value="22" />
        </fileTransfer>
      </webServer>
      <webServer id="88527df7-863e-4336-92c5-a8f03c1caaf1" name="mf-rhea-was-prod01" url="http://10.23.13.204">
        <fileTransfer host="10.23.13.204" port="22" accessType="SFTP">
          <advancedOptions>
            <advancedOptions dataProtectionLevel="Private" passiveMode="true" shareSSLContext="true" />
          </advancedOptions>
          <option name="port" value="22" />
        </fileTransfer>
      </webServer>
      <webServer id="30e6fbbc-365d-4db0-a298-36b7322cfe03" name="mf-herems-was-prod01" url="http://10.23.13.228">
        <fileTransfer host="10.23.13.228" port="22" accessType="SFTP">
          <advancedOptions>
            <advancedOptions dataProtectionLevel="Private" passiveMode="true" shareSSLContext="true" />
          </advancedOptions>
          <option name="port" value="22" />
        </fileTransfer>
      </webServer>
      <webServer id="2f0db852-9d88-4842-8fdf-a1f7d69dbf91" name="mf-siren-was-prod01" url="http://10.23.13.99">
        <fileTransfer host="10.23.13.99" port="22" accessType="SFTP">
          <advancedOptions>
            <advancedOptions dataProtectionLevel="Private" passiveMode="true" shareSSLContext="true" />
          </advancedOptions>
          <option name="port" value="22" />
        </fileTransfer>
      </webServer>
      <webServer id="2007d44e-ec0d-4ba9-be71-077edd89b269" name="mf-kerberos-was-prod01" url="http://10.23.13.187">
        <fileTransfer host="10.23.13.187" port="22" accessType="SFTP">
          <advancedOptions>
            <advancedOptions dataProtectionLevel="Private" passiveMode="true" shareSSLContext="true" />
          </advancedOptions>
          <option name="port" value="22" />
        </fileTransfer>
      </webServer>
      <webServer id="65cb8acc-8370-4c00-9c6e-48e1d543fad4" name="mf-eris-was-prod01" url="http://10.23.13.19">
        <fileTransfer host="10.23.13.19" port="22" accessType="SFTP">
          <advancedOptions>
            <advancedOptions dataProtectionLevel="Private" passiveMode="true" shareSSLContext="true" />
          </advancedOptions>
          <option name="port" value="22" />
        </fileTransfer>
      </webServer>
    </option>
  </component>
</application>